{"cameraMode":{"drawMode":0,"name":"Shaded","section":"Shading Mode"},"sceneLighting":false,"audioPlay":false,"sceneViewState":{"showFog":true,"showMaterialUpdate":false,"showSkybox":false,"showFlares":true,"showImageEffects":true,"showParticleSystems":true},"in2DMode":false,"pivot":{"x":-0.3639070987701416,"y":1.3240621089935303,"z":-1.3327293395996094},"rotation":{"x":-0.20452600717544557,"y":-0.7854181528091431,"z":0.3362475633621216,"w":-0.47776222229003909},"size":5.72446346282959,"orthographic":false}