{"cameraMode":{"drawMode":0,"name":"Shaded","section":"Shading Mode"},"sceneLighting":false,"audioPlay":false,"sceneViewState":{"showFog":true,"showMaterialUpdate":false,"showSkybox":false,"showFlares":true,"showImageEffects":true,"showParticleSystems":true},"in2DMode":false,"pivot":{"x":2.539999485015869,"y":16.350000381469728,"z":40.5},"rotation":{"x":-0.22352777421474458,"y":0.36675524711608889,"z":-0.09144505113363266,"w":-0.8985346555709839},"size":69.90618133544922,"orthographic":false}