{"cameraMode":{"drawMode":0,"name":"Shaded","section":"Shading Mode"},"sceneLighting":false,"audioPlay":false,"sceneViewState":{"showFog":true,"showMaterialUpdate":false,"showSkybox":false,"showFlares":true,"showImageEffects":true,"showParticleSystems":true},"in2DMode":false,"pivot":{"x":5.840937614440918,"y":-0.12184282392263413,"z":3.5481700897216799},"rotation":{"x":0.1342313438653946,"y":-0.8390086889266968,"z":0.2398054003715515,"w":0.46963202953338625},"size":2.066126823425293,"orthographic":false}