{"cameraMode":{"drawMode":0,"name":"Shaded","section":"Shading Mode"},"sceneLighting":false,"audioPlay":false,"sceneViewState":{"showFog":true,"showMaterialUpdate":false,"showSkybox":false,"showFlares":true,"showImageEffects":true,"showParticleSystems":true},"in2DMode":false,"pivot":{"x":0.5844797492027283,"y":3.6479742527008058,"z":-0.003356456756591797},"rotation":{"x":0.14792458713054658,"y":-0.8365577459335327,"z":0.27481281757354739,"w":0.45029762387275698},"size":15.205436706542969,"orthographic":false}