{"cameraMode":{"drawMode":0,"name":"Shaded","section":"Shading Mode"},"sceneLighting":false,"audioPlay":false,"sceneViewState":{"showFog":true,"showMaterialUpdate":false,"showSkybox":true,"showFlares":true,"showImageEffects":true,"showParticleSystems":true},"in2DMode":false,"pivot":{"x":-0.6121978759765625,"y":2.0792770385742189,"z":14.039077758789063},"rotation":{"x":0.1364123374223709,"y":0.26118865609169009,"z":-0.03731261193752289,"w":0.9548789858818054},"size":34.65217971801758,"orthographic":false}