{"cameraMode":{"drawMode":0,"name":"Shaded","section":"Shading Mode"},"sceneLighting":false,"audioPlay":false,"sceneViewState":{"showFog":false,"showMaterialUpdate":false,"showSkybox":false,"showFlares":false,"showImageEffects":false,"showParticleSystems":false},"in2DMode":false,"pivot":{"x":2.3141276836395265,"y":1.4556444883346558,"z":-1.097428798675537},"rotation":{"x":-0.17186342179775239,"y":0.8269442319869995,"z":-0.35334593057632449,"w":-0.40221720933914187},"size":7.961565971374512,"orthographic":false}